Word	Category
clorofila	BIOS
arnoglossus	BIOS
numenius	BIOS
vermes	BIOS
jusante	ECO-MATERIALIDADES
albufeira	ECO-MATERIALIDADES
insecticida	TECNO-MATERIALIDADES
larva	BIOS
disco	TECNO-MATERIALIDADES
medusas	BIOS
caule	BIOS
eurihalinas	ECO-MATERIALIDADES
costeira	ECO-MATERIALIDADES
aquatic	ECO-MATERIALIDADES
ameijoas	BIOS
tomada	TECNO-MATERIALIDADES
lodoso	ECO-MATERIALIDADES
cloroplastos	BIOS
inunda	ECO-MATERIALIDADES
carbonato	ECO-MATERIALIDADES
bacteriana	BIOS
rias	ECO-MATERIALIDADES
alagadas	ECO-MATERIALIDADES
paleontol	BIOS
escorre	ECO-MATERIALIDADES
trachurus	BIOS
necr	BIOS
ondas	ECO-MATERIALIDADES
vida	BIOS
canal	ECO-MATERIALIDADES
ostras	BIOS
slarvas	BIOS
magallana	BIOS
molhos	BIOS
caules	BIOS
biomassa	BIOS
structure	TECNO-MATERIALIDADES
neves	ECO-MATERIALIDADES
predador	BIOS
vales	ECO-MATERIALIDADES
recurvirostra	BIOS
sardinhas	BIOS
meiofauna	BIOS
escaropim	ECO-MATERIALIDADES
vive	BIOS
hidrozo	BIOS
drenagem	ECO-MATERIALIDADES
douro	ECO-MATERIALIDADES
bitos	TECNO-MATERIALIDADES
ambientais	ECO-MATERIALIDADES
digestivo	BIOS
gravitacional	ECO-MATERIALIDADES
relevo	ECO-MATERIALIDADES
sanguinea	BIOS
cinerea	BIOS
tecnologias	TECNO-MATERIALIDADES
sediments	ECO-MATERIALIDADES
serranidae	BIOS
flor	BIOS
hiaticula	BIOS
ducks	BIOS
vivas	BIOS
unicelulares	BIOS
rouxinol	BIOS
lino	BIOS
rebentamento	ECO-MATERIALIDADES
salobros	ECO-MATERIALIDADES
osso	ECO-MATERIALIDADES
substrats	ECO-MATERIALIDADES
pernilongos	BIOS
inconsolidada	ECO-MATERIALIDADES
wood	BIOS
farol	TECNO-MATERIALIDADES
glaucum	ECO-MATERIALIDADES
queimada	ECO-MATERIALIDADES
ceu	ECO-MATERIALIDADES
corrente	ECO-MATERIALIDADES
turbidez	ECO-MATERIALIDADES
marinhacomum	ECO-MATERIALIDADES
amphitrites	BIOS
environment	ECO-MATERIALIDADES
marine	ECO-MATERIALIDADES
praga	BIOS
sais	ECO-MATERIALIDADES
dicentrarchus	BIOS
centopeias	BIOS
edifica	TECNO-MATERIALIDADES
streblospio	BIOS
sombra	ECO-MATERIALIDADES
metals	TECNO-MATERIALIDADES
lente	TECNO-MATERIALIDADES
pesca	BIOS
microrganismos	BIOS
naturterra	ECO-MATERIALIDADES
toneira	TECNO-MATERIALIDADES
exterior	ECO-MATERIALIDADES
sabkha	ECO-MATERIALIDADES
carbohidrato	BIOS
linha	ECO-MATERIALIDADES
maia	BIOS
catedral	TECNO-MATERIALIDADES
cruzadores	TECNO-MATERIALIDADES
terrenos	ECO-MATERIALIDADES
faca	TECNO-MATERIALIDADES
artificial	TECNO-MATERIALIDADES
algas	BIOS
industrialised	TECNO-MATERIALIDADES
pernilongo	BIOS
zone	ECO-MATERIALIDADES
pachygrapsus	BIOS
comunidades	BIOS
maras	ECO-MATERIALIDADES
mapas	TECNO-MATERIALIDADES
lulas	BIOS
arej	ECO-MATERIALIDADES
praias	ECO-MATERIALIDADES
vegetation	BIOS
cynoscion	BIOS
ribeirinha	BIOS
porifera	BIOS
folhas	BIOS
topos	ECO-MATERIALIDADES
rio	ECO-MATERIALIDADES
curso	ECO-MATERIALIDADES
estio	ECO-MATERIALIDADES
fecundados	BIOS
monumentos	TECNO-MATERIALIDADES
ovo	BIOS
temperaturas	ECO-MATERIALIDADES
marinhos	ECO-MATERIALIDADES
palha	ECO-MATERIALIDADES
boreal	ECO-MATERIALIDADES
odo	ECO-MATERIALIDADES
callionymus	BIOS
regno	BIOS
sementes	BIOS
cacilhas	BIOS
solos	ECO-MATERIALIDADES
rochoso	ECO-MATERIALIDADES
bode	BIOS
caravel	BIOS
scanning	TECNO-MATERIALIDADES
erva	BIOS
dromas	BIOS
berna	BIOS
fungos	BIOS
balnear	ECO-MATERIALIDADES
pantanosas	ECO-MATERIALIDADES
pen	TECNO-MATERIALIDADES
softbottom	TECNO-MATERIALIDADES
macrotidal	ECO-MATERIALIDADES
fronde	ECO-MATERIALIDADES
chumbo	ECO-MATERIALIDADES
barcas	TECNO-MATERIALIDADES
rios	ECO-MATERIALIDADES
mancha	ECO-MATERIALIDADES
veres	BIOS
macroinvertebrados	BIOS
quitinoso	BIOS
hydrallmania	ECO-MATERIALIDADES
figueira	BIOS
rinoceronte	BIOS
dados	TECNO-MATERIALIDADES
fluviatilis	ECO-MATERIALIDADES
callinectes	BIOS
aquacultura	BIOS
construtivas	TECNO-MATERIALIDADES
barco	TECNO-MATERIALIDADES
efluente	ECO-MATERIALIDADES
temperado	ECO-MATERIALIDADES
constru	TECNO-MATERIALIDADES
caudais	ECO-MATERIALIDADES
ar	ECO-MATERIALIDADES
velame	BIOS
detritos	ECO-MATERIALIDADES
deriva	ECO-MATERIALIDADES
filtradora	TECNO-MATERIALIDADES
habitat	BIOS
campo	ECO-MATERIALIDADES
batimetria	ECO-MATERIALIDADES
alimentos	BIOS
cirratul	BIOS
popula	BIOS
greenhouse	ECO-MATERIALIDADES
macrozoopl	BIOS
zoologica	BIOS
oligoquetas	BIOS
fortaleza	TECNO-MATERIALIDADES
anemonia	BIOS
alpina	ECO-MATERIALIDADES
roseus	BIOS
quebradas	ECO-MATERIALIDADES
subtidal	ECO-MATERIALIDADES
ressuspendidas	ECO-MATERIALIDADES
vasas	ECO-MATERIALIDADES
siltosas	ECO-MATERIALIDADES
planeta	ECO-MATERIALIDADES
microscope	TECNO-MATERIALIDADES
bexiga	BIOS
ngeo	ECO-MATERIALIDADES
martelo	TECNO-MATERIALIDADES
verme	BIOS
tejo	ECO-MATERIALIDADES
nitratos	BIOS
salientes	ECO-MATERIALIDADES
floras	BIOS
coasts	ECO-MATERIALIDADES
salina	ECO-MATERIALIDADES
salina	ECO-MATERIALIDADES
bios	BIOS
sarcocornia	BIOS
filiformes	BIOS
cardumes	ECO-MATERIALIDADES
poblaciones	BIOS
fitas	TECNO-MATERIALIDADES
pereira	BIOS
vento	ECO-MATERIALIDADES
zonas	ECO-MATERIALIDADES
substratos	ECO-MATERIALIDADES
moios	TECNO-MATERIALIDADES
artefactos	TECNO-MATERIALIDADES
penas	BIOS
estrela	ECO-MATERIALIDADES
asas	BIOS
nima	BIOS
continente	ECO-MATERIALIDADES
cong	ECO-MATERIALIDADES
dragagens	TECNO-MATERIALIDADES
choupa	ECO-MATERIALIDADES
mico	BIOS
anthropogenic	TECNO-MATERIALIDADES
calculator	TECNO-MATERIALIDADES
microalgas	BIOS
pescadoras	BIOS
ouri	ECO-MATERIALIDADES
medusa	BIOS
sacos	TECNO-MATERIALIDADES
pilchardus	BIOS
matter	ECO-MATERIALIDADES
mapa	TECNO-MATERIALIDADES
echinodermata	BIOS
naus	TECNO-MATERIALIDADES
temperature	ECO-MATERIALIDADES
marshes	ECO-MATERIALIDADES
consumidor	BIOS
flageladas	BIOS
waders	BIOS
mol	ECO-MATERIALIDADES
sphyrna	BIOS
semedo	BIOS
pera	BIOS
pseudotolithus	BIOS
eros	ECO-MATERIALIDADES
viva	BIOS
carapau	BIOS
biotic	BIOS
vasculares	BIOS
aranhi	BIOS
seasonal	ECO-MATERIALIDADES
oxigena	ECO-MATERIALIDADES
arbustos	ECO-MATERIALIDADES
polvo	BIOS
marinhas	ECO-MATERIALIDADES
faunas	BIOS
zoopl	BIOS
botany	BIOS
aros	ECO-MATERIALIDADES
flats	TECNO-MATERIALIDADES
eurasia	ECO-MATERIALIDADES
dias	ECO-MATERIALIDADES
metropolitana	TECNO-MATERIALIDADES
lusoponte	TECNO-MATERIALIDADES
mariscar	BIOS
vinagre	ECO-MATERIALIDADES
argyrosomus	BIOS
portulacoides	BIOS
robalo	BIOS
ancinho	BIOS
chelidonichthys	BIOS
algod	BIOS
gasosa	ECO-MATERIALIDADES
pimenta	BIOS
pluvialis	ECO-MATERIALIDADES
silva	ECO-MATERIALIDADES
mouch	BIOS
paredes	TECNO-MATERIALIDADES
estratificados	ECO-MATERIALIDADES
fotoss	BIOS
fitoqu	BIOS
carbono	ECO-MATERIALIDADES
bio	BIOS
avenidas	TECNO-MATERIALIDADES
micro	BIOS
meio	ECO-MATERIALIDADES
estuaire	ECO-MATERIALIDADES
seixoeira	ECO-MATERIALIDADES
pedes	ECO-MATERIALIDADES
climatic	ECO-MATERIALIDADES
rhizoprionodon	BIOS
carv	ECO-MATERIALIDADES
biodiversity	BIOS
cisternas	TECNO-MATERIALIDADES
zoostera	BIOS
frica	ECO-MATERIALIDADES
winter	ECO-MATERIALIDADES
desova	BIOS
arenosa	ECO-MATERIALIDADES
ambiente	ECO-MATERIALIDADES
artificializa	TECNO-MATERIALIDADES
roco	ECO-MATERIALIDADES
densidades	ECO-MATERIALIDADES
redes	TECNO-MATERIALIDADES
salicornia	BIOS
zima	ECO-MATERIALIDADES
detrit	ECO-MATERIALIDADES
quitina	BIOS
salobras	ECO-MATERIALIDADES
ratton	BIOS
cola	TECNO-MATERIALIDADES
terras	ECO-MATERIALIDADES
campos	ECO-MATERIALIDADES
alga	BIOS
tambor	TECNO-MATERIALIDADES
montijo	ECO-MATERIALIDADES
bivalve	BIOS
encosta	ECO-MATERIALIDADES
torre	TECNO-MATERIALIDADES
piteira	BIOS
industriais	TECNO-MATERIALIDADES
ovas	BIOS
manchas	ECO-MATERIALIDADES
edificado	TECNO-MATERIALIDADES
mexilh	BIOS
caudal	ECO-MATERIALIDADES
mytillus	BIOS
crias	BIOS
invernantes	BIOS
estreito	ECO-MATERIALIDADES
agricultura	TECNO-MATERIALIDADES
biomassas	BIOS
mascarenhas	ECO-MATERIALIDADES
esqueleto	BIOS
golfinhos	BIOS
foz	ECO-MATERIALIDADES
alopochen	BIOS
tufos	ECO-MATERIALIDADES
camboja	BIOS
golfo	ECO-MATERIALIDADES
plantas	BIOS
chthamalus	BIOS
sobrepesca	BIOS
costeiras	ECO-MATERIALIDADES
concheiro	BIOS
gobius	BIOS
polysiphonia	BIOS
chelon	BIOS
living	BIOS
industrial	TECNO-MATERIALIDADES
lises	BIOS
concheiros	ECO-MATERIALIDADES
cascais	ECO-MATERIALIDADES
ram	TECNO-MATERIALIDADES
mediterr	ECO-MATERIALIDADES
debaixo	ECO-MATERIALIDADES
equipamentos	TECNO-MATERIALIDADES
reservat	ECO-MATERIALIDADES
pomatoschistus	BIOS
charadrius	BIOS
eutrophication	ECO-MATERIALIDADES
caravela	BIOS
micr	BIOS
insectos	BIOS
corripo	BIOS
submarinos	TECNO-MATERIALIDADES
sia	TECNO-MATERIALIDADES
predadores	BIOS
camargue	ECO-MATERIALIDADES
biodiversidade	BIOS
chuvas	ECO-MATERIALIDADES
poluentes	BIOS
organoclorados	BIOS
fosfato	ECO-MATERIALIDADES
ria	ECO-MATERIALIDADES
vegetal	BIOS
produtores	BIOS
comprimidos	BIOS
piteiras	BIOS
tainha	ECO-MATERIALIDADES
coina	TECNO-MATERIALIDADES
sepia	BIOS
gruas	TECNO-MATERIALIDADES
garrocheira	BIOS
cheia	ECO-MATERIALIDADES
bacia	ECO-MATERIALIDADES
alhos	BIOS
macroalgae	BIOS
gaiola	TECNO-MATERIALIDADES
cereais	BIOS
argilitos	ECO-MATERIALIDADES
picos	ECO-MATERIALIDADES
gamito	BIOS
petromyzon	BIOS
clim	ECO-MATERIALIDADES
crangon	BIOS
hydrodynamics	ECO-MATERIALIDADES
pato	BIOS
seixo	ECO-MATERIALIDADES
bioturba	BIOS
seasonality	ECO-MATERIALIDADES
cana	ECO-MATERIALIDADES
olho	BIOS
estuarino	ECO-MATERIALIDADES
salina	ECO-MATERIALIDADES
salina	ECO-MATERIALIDADES
caramujos	BIOS
construir	TECNO-MATERIALIDADES
biodeposi	BIOS
arquata	ECO-MATERIALIDADES
meroplanct	BIOS
flocos	ECO-MATERIALIDADES
clitelo	BIOS
cian	ECO-MATERIALIDADES
estruturas	TECNO-MATERIALIDADES
agregados	ECO-MATERIALIDADES
cimento	TECNO-MATERIALIDADES
flamingos	BIOS
mec	TECNO-MATERIALIDADES
vanda	BIOS
food	BIOS
vaza	ECO-MATERIALIDADES
vidro	ECO-MATERIALIDADES
salpico	ECO-MATERIALIDADES
roca	ECO-MATERIALIDADES
ilhas	ECO-MATERIALIDADES
ilhotas	ECO-MATERIALIDADES
arthropoda	BIOS
estaleiro	TECNO-MATERIALIDADES
tidal	ECO-MATERIALIDADES
herons	BIOS
ovos	BIOS
bact	BIOS
genas	BIOS
navios	TECNO-MATERIALIDADES
lagoas	ECO-MATERIALIDADES
univalves	BIOS
bat	BIOS
macroinvertebrate	BIOS
sazonalidade	ECO-MATERIALIDADES
briozo	BIOS
corpo	BIOS
muralha	TECNO-MATERIALIDADES
microbiana	BIOS
inundados	ECO-MATERIALIDADES
balanus	BIOS
protozo	BIOS
cerastoderma	BIOS
ostreira	BIOS
gases	ECO-MATERIALIDADES
mananciais	ECO-MATERIALIDADES
naididae	BIOS
carrilho	BIOS
cravo	BIOS
larus	BIOS
reino	BIOS
pescado	BIOS
nidificantes	BIOS
verrucaria	BIOS
crescimento	BIOS
portos	BIOS
pinto	BIOS
chama	ECO-MATERIALIDADES
luciobarbus	BIOS
decomposi	BIOS
constroem	TECNO-MATERIALIDADES
manto	ECO-MATERIALIDADES
cultivo	BIOS
solar	ECO-MATERIALIDADES
ave	BIOS
dunne	ECO-MATERIALIDADES
cyathura	BIOS
berlengas	ECO-MATERIALIDADES
marcos	ECO-MATERIALIDADES
oeiras	ECO-MATERIALIDADES
espinha	BIOS
populations	BIOS
urbano	TECNO-MATERIALIDADES
rebocadores	TECNO-MATERIALIDADES
arenitos	ECO-MATERIALIDADES
himantopus	BIOS
boi	BIOS
climate	ECO-MATERIALIDADES
assoreamento	ECO-MATERIALIDADES
conservas	BIOS
humanas	TECNO-MATERIALIDADES
gado	BIOS
metro	TECNO-MATERIALIDADES
pollution	ECO-MATERIALIDADES
salinidades	ECO-MATERIALIDADES
veado	BIOS
planta	BIOS
caladas	TECNO-MATERIALIDADES
autom	TECNO-MATERIALIDADES
pradarias	ECO-MATERIALIDADES
ecossistemas	BIOS
aveiro	BIOS
temperadas	ECO-MATERIALIDADES
laridae	BIOS
vapor	ECO-MATERIALIDADES
canadensis	BIOS
nidificante	BIOS
biol	BIOS
nquias	BIOS
poliquetas	BIOS
pesqueiros	ECO-MATERIALIDADES
caranguejo	BIOS
caravelas	BIOS
afluentes	ECO-MATERIALIDADES
salinas	ECO-MATERIALIDADES
tools	TECNO-MATERIALIDADES
constr	TECNO-MATERIALIDADES
monitoriza	TECNO-MATERIALIDADES
hidr	ECO-MATERIALIDADES
fagos	BIOS
ferro	ECO-MATERIALIDADES
ocean	ECO-MATERIALIDADES
instrumento	TECNO-MATERIALIDADES
barracas	TECNO-MATERIALIDADES
maritime	ECO-MATERIALIDADES
ventos	ECO-MATERIALIDADES
paganellus	BIOS
macroalgas	BIOS
lactuca	BIOS
halobatrachus	BIOS
galinhas	BIOS
palma	BIOS
quaternary	ECO-MATERIALIDADES
monumento	TECNO-MATERIALIDADES
vala	ECO-MATERIALIDADES
annelida	BIOS
sprattus	BIOS
membrana	BIOS
tecnologia	TECNO-MATERIALIDADES
salmonetes	BIOS
zinco	BIOS
ostra	BIOS
estanho	BIOS
mytilus	BIOS
rie	ECO-MATERIALIDADES
minhocadapesca	BIOS
biogeogr	BIOS
cyanophyta	BIOS
sedimentos	ECO-MATERIALIDADES
boat	TECNO-MATERIALIDADES
cantharus	BIOS
salmon	BIOS
natureza	ECO-MATERIALIDADES
monocorophium	BIOS
mortas	ECO-MATERIALIDADES
fluvial	ECO-MATERIALIDADES
ova	BIOS
pressures	ECO-MATERIALIDADES
ressuspens	ECO-MATERIALIDADES
moinho	TECNO-MATERIALIDADES
estenohalinas	BIOS
armadilhas	BIOS
actinia	BIOS
lebre	BIOS
luz	ECO-MATERIALIDADES
gansos	BIOS
terramoto	ECO-MATERIALIDADES
cascalho	ECO-MATERIALIDADES
cavalos	BIOS
espongi	BIOS
organismo	BIOS
ostreiras	BIOS
teias	ECO-MATERIALIDADES
seca	ECO-MATERIALIDADES
inundada	ECO-MATERIALIDADES
peixes	BIOS
habitats	ECO-MATERIALIDADES
intertidais	ECO-MATERIALIDADES
longirostris	BIOS
reprodu	BIOS
corneum	BIOS
animal	BIOS
oxig	ECO-MATERIALIDADES
microphytobenthos	BIOS
environmental	ECO-MATERIALIDADES
telemetria	TECNO-MATERIALIDADES
invertebrados	BIOS
viveiro	BIOS
dia	ECO-MATERIALIDADES
adamastor	ECO-MATERIALIDADES
maritimus	ECO-MATERIALIDADES
ciima	ECO-MATERIALIDADES
cabelo	BIOS
wetlands	ECO-MATERIALIDADES
vasa	ECO-MATERIALIDADES
moela	BIOS
efluentes	ECO-MATERIALIDADES
nidifica	BIOS
muleta	TECNO-MATERIALIDADES
lunar	ECO-MATERIALIDADES
predadoras	BIOS
enchente	ECO-MATERIALIDADES
tomo	ECO-MATERIALIDADES
flores	BIOS
cova	ECO-MATERIALIDADES
colo	ECO-MATERIALIDADES
torres	TECNO-MATERIALIDADES
ph	ECO-MATERIALIDADES
sterna	BIOS
ambien	ECO-MATERIALIDADES
alturas	ECO-MATERIALIDADES
gaiolas	TECNO-MATERIALIDADES
organismos	BIOS
microbentos	BIOS
areias	ECO-MATERIALIDADES
sons	ECO-MATERIALIDADES
pneumatocisto	BIOS
ictiofauna	BIOS
roda	TECNO-MATERIALIDADES
ribeirinhas	ECO-MATERIALIDADES
salgada	ECO-MATERIALIDADES
portinho	ECO-MATERIALIDADES
habitantes	BIOS
inverno	ECO-MATERIALIDADES
biface	BIOS
natural	ECO-MATERIALIDADES
epifauna	BIOS
geoportal	TECNO-MATERIALIDADES
grounds	ECO-MATERIALIDADES
biofilmes	BIOS
ponte	TECNO-MATERIALIDADES
vivendo	BIOS
escoamento	ECO-MATERIALIDADES
submers	ECO-MATERIALIDADES
lodos	ECO-MATERIALIDADES
mioc	BIOS
geographic	ECO-MATERIALIDADES
branqueiras	ECO-MATERIALIDADES
ruditapes	BIOS
nogueira	BIOS
gata	BIOS
mica	ECO-MATERIALIDADES
geografia	ECO-MATERIALIDADES
vulos	ECO-MATERIALIDADES
tartaranha	BIOS
web	TECNO-MATERIALIDADES
humano	TECNO-MATERIALIDADES
edilidade	TECNO-MATERIALIDADES
aparelho	TECNO-MATERIALIDADES
mel	BIOS
cameira	BIOS
draga	TECNO-MATERIALIDADES
oceanica	ECO-MATERIALIDADES
margarida	ECO-MATERIALIDADES
fulica	BIOS
eurihalina	ECO-MATERIALIDADES
frota	TECNO-MATERIALIDADES
patos	BIOS
engenharia	TECNO-MATERIALIDADES
fluxos	ECO-MATERIALIDADES
interface	TECNO-MATERIALIDADES
salpicos	ECO-MATERIALIDADES
colas	TECNO-MATERIALIDADES
bacias	ECO-MATERIALIDADES
anf	BIOS
monas	BIOS
estuarina	ECO-MATERIALIDADES
sangue	BIOS
estua	ECO-MATERIALIDADES
edificadas	TECNO-MATERIALIDADES
hydrobiologia	ECO-MATERIALIDADES
vegeta	BIOS
ferry	TECNO-MATERIALIDADES
canas	BIOS
odores	ECO-MATERIALIDADES
fragata	TECNO-MATERIALIDADES
contaminantes	BIOS
barbatanas	BIOS
barreiro	ECO-MATERIALIDADES
sito	ECO-MATERIALIDADES
voras	BIOS
atmosf	ECO-MATERIALIDADES
platyrhynchos	BIOS
algarve	ECO-MATERIALIDADES
corpos	ECO-MATERIALIDADES
carvoeiro	BIOS
hidroavi	BIOS
fluviais	ECO-MATERIALIDADES
banco	TECNO-MATERIALIDADES
botes	TECNO-MATERIALIDADES
micos	BIOS
sites	TECNO-MATERIALIDADES
iodo	ECO-MATERIALIDADES
terreno	ECO-MATERIALIDADES
mercadorias	TECNO-MATERIALIDADES
pleuronectiformes	BIOS
refrigera	TECNO-MATERIALIDADES
reprodutores	BIOS
river	ECO-MATERIALIDADES
aqu	ECO-MATERIALIDADES
enxarrocos	ECO-MATERIALIDADES
cadernos	TECNO-MATERIALIDADES
kingdom	BIOS
moinhos	TECNO-MATERIALIDADES
cidade	TECNO-MATERIALIDADES
diatoms	BIOS
laterna	TECNO-MATERIALIDADES
anas	BIOS
alloteuthis	BIOS
acipenser	BIOS
rosa	BIOS
peixesgato	BIOS
sarilhos	ECO-MATERIALIDADES
conchas	BIOS
tech	TECNO-MATERIALIDADES
urban	TECNO-MATERIALIDADES
territ	ECO-MATERIALIDADES
lula	BIOS
estradas	TECNO-MATERIALIDADES
noite	ECO-MATERIALIDADES
incubadora	TECNO-MATERIALIDADES
quartzo	ECO-MATERIALIDADES
labirintos	ECO-MATERIALIDADES
guas	ECO-MATERIALIDADES
ecol	ECO-MATERIALIDADES
corais	BIOS
papilas	BIOS
filo	BIOS
presa	BIOS
cascalheira	ECO-MATERIALIDADES
algaebase	BIOS
casa	TECNO-MATERIALIDADES
pluma	BIOS
valvas	BIOS
barcos	TECNO-MATERIALIDADES
esperma	BIOS
cais	TECNO-MATERIALIDADES
construtores	TECNO-MATERIALIDADES
emissores	TECNO-MATERIALIDADES
granado	TECNO-MATERIALIDADES
petisco	BIOS
parasit	BIOS
gare	TECNO-MATERIALIDADES
palpo	BIOS
pescaria	BIOS
recifes	ECO-MATERIALIDADES
minhocas	BIOS
turva	ECO-MATERIALIDADES
anguilla	BIOS
programa	TECNO-MATERIALIDADES
mustela	BIOS
larvares	BIOS
lagoons	ECO-MATERIALIDADES
saneamento	BIOS
lamejinhas	BIOS
xido	ECO-MATERIALIDADES
anat	BIOS
cerca	TECNO-MATERIALIDADES
arthrocnemum	BIOS
actinoptychus	BIOS
olhos	BIOS
regnos	BIOS
armadilha	BIOS
biofilme	BIOS
transmissor	TECNO-MATERIALIDADES
plataforma	TECNO-MATERIALIDADES
mitose	BIOS
marino	ECO-MATERIALIDADES
castro	ECO-MATERIALIDADES
digital	TECNO-MATERIALIDADES
cirros	ECO-MATERIALIDADES
trisopterus	BIOS
naturais	ECO-MATERIALIDADES
garum	BIOS
estuarine	ECO-MATERIALIDADES
filtradoras	BIOS
fauna	BIOS
arenosas	ECO-MATERIALIDADES
fabril	TECNO-MATERIALIDADES
viv	BIOS
espe	BIOS
brackish	ECO-MATERIALIDADES
filamentosas	BIOS
covos	ECO-MATERIALIDADES
lagos	ECO-MATERIALIDADES
marmoratus	ECO-MATERIALIDADES
carpacomum	BIOS
webs	TECNO-MATERIALIDADES
sistemas	TECNO-MATERIALIDADES
anser	BIOS
lua	ECO-MATERIALIDADES
coast	ECO-MATERIALIDADES
bordo	ECO-MATERIALIDADES
oceanologica	ECO-MATERIALIDADES
estaleiros	TECNO-MATERIALIDADES
nitrito	BIOS
superf	ECO-MATERIALIDADES
geogr	ECO-MATERIALIDADES
ramada	ECO-MATERIALIDADES
infralitoral	ECO-MATERIALIDADES
enguiaeuropeia	BIOS
praia	ECO-MATERIALIDADES
voros	BIOS
zostera	BIOS
bioacumula	BIOS
silicato	ECO-MATERIALIDADES
sal	ECO-MATERIALIDADES
fitoplanct	BIOS
decompostos	BIOS
avieiros	BIOS
loligo	BIOS
preda	BIOS
bicho	BIOS
larval	BIOS
clorofilas	BIOS
mecanismo	TECNO-MATERIALIDADES
ardeola	BIOS
poissons	BIOS
egretta	BIOS
lepidochitona	BIOS
solhas	ECO-MATERIALIDADES
marinho	ECO-MATERIALIDADES
ostrea	BIOS
pardal	BIOS
maremoto	ECO-MATERIALIDADES
respirat	BIOS
metal	TECNO-MATERIALIDADES
bacalhau	BIOS
correntes	ECO-MATERIALIDADES
arque	ECO-MATERIALIDADES
climas	ECO-MATERIALIDADES
littorina	BIOS
tidais	ECO-MATERIALIDADES
camada	ECO-MATERIALIDADES
carvalho	BIOS
sistem	TECNO-MATERIALIDADES
terminal	TECNO-MATERIALIDADES
benthiques	ECO-MATERIALIDADES
sequestro	ECO-MATERIALIDADES
espermatoz	BIOS
biogeochemical	BIOS
bacalhoeira	ECO-MATERIALIDADES
muco	ECO-MATERIALIDADES
ter	ECO-MATERIALIDADES
decurso	ECO-MATERIALIDADES
phoenicopterus	BIOS
ficobilinas	BIOS
sedimentar	ECO-MATERIALIDADES
turvas	ECO-MATERIALIDADES
buxo	BIOS
equipamento	TECNO-MATERIALIDADES
car	TECNO-MATERIALIDADES
arruda	BIOS
tanques	TECNO-MATERIALIDADES
submerso	ECO-MATERIALIDADES
nauplii	BIOS
naveg	TECNO-MATERIALIDADES
lapas	ECO-MATERIALIDADES
lampreias	BIOS
mortos	BIOS
inven	TECNO-MATERIALIDADES
halobratrachus	BIOS
pico	ECO-MATERIALIDADES
evolu	BIOS
thalassiosira	BIOS
cyprinus	BIOS
corvina	BIOS
caranguejoverde	BIOS
ia	TECNO-MATERIALIDADES
glycera	BIOS
marinus	BIOS
ilha	ECO-MATERIALIDADES
cnid	BIOS
artemia	BIOS
biology	BIOS
dentes	BIOS
quinta	ECO-MATERIALIDADES
lampreia	BIOS
depress	ECO-MATERIALIDADES
orta	BIOS
undulata	ECO-MATERIALIDADES
ulvae	BIOS
biomass	BIOS
halophytes	BIOS
cobertos	ECO-MATERIALIDADES
nurseries	BIOS
benthic	ECO-MATERIALIDADES
bandas	ECO-MATERIALIDADES
vapores	ECO-MATERIALIDADES
submersas	ECO-MATERIALIDADES
nutri	BIOS
artificiais	TECNO-MATERIALIDADES
ventosas	BIOS
equina	BIOS
rocha	ECO-MATERIALIDADES
bateira	TECNO-MATERIALIDADES
atmosfera	ECO-MATERIALIDADES
ribeiro	BIOS
navio	TECNO-MATERIALIDADES
obras	TECNO-MATERIALIDADES
profundidades	ECO-MATERIALIDADES
ciliada	BIOS
paleogeogr	ECO-MATERIALIDADES
simas	ECO-MATERIALIDADES
fabrico	TECNO-MATERIALIDADES
sol	ECO-MATERIALIDADES
endofauna	BIOS
cobre	ECO-MATERIALIDADES
cat	BIOS
inund	ECO-MATERIALIDADES
sardina	BIOS
seixos	ECO-MATERIALIDADES
salinicultura	BIOS
lastro	ECO-MATERIALIDADES
population	BIOS
lebres	BIOS
radiografia	TECNO-MATERIALIDADES
mercados	TECNO-MATERIALIDADES
caranguejos	BIOS
oceanography	ECO-MATERIALIDADES
estrat	ECO-MATERIALIDADES
inverte	BIOS
vertebrados	BIOS
seixal	ECO-MATERIALIDADES
correia	TECNO-MATERIALIDADES
amphibalanus	BIOS
exoesqueleto	BIOS
mugil	BIOS
thermohaline	ECO-MATERIALIDADES
pau	BIOS
junco	BIOS
plataformas	TECNO-MATERIALIDADES
arenaria	ECO-MATERIALIDADES
aparelhos	TECNO-MATERIALIDADES
craca	ECO-MATERIALIDADES
barragens	TECNO-MATERIALIDADES
mar	ECO-MATERIALIDADES
detec	TECNO-MATERIALIDADES
palmeirim	BIOS
lanice	BIOS
muletas	TECNO-MATERIALIDADES
hidrodin	ECO-MATERIALIDADES
ruficollis	BIOS
microfauna	BIOS
coelho	BIOS
marco	ECO-MATERIALIDADES
vivos	BIOS
fundos	ECO-MATERIALIDADES
continental	ECO-MATERIALIDADES
connectivity	TECNO-MATERIALIDADES
auroque	BIOS
evolution	BIOS
cavalosmarinhos	BIOS
inorg	ECO-MATERIALIDADES
solea	ECO-MATERIALIDADES
rua	TECNO-MATERIALIDADES
hydrology	ECO-MATERIALIDADES
macrohabitat	ECO-MATERIALIDADES
ecosystems	BIOS
sardinha	BIOS
angiosp	BIOS
consumidores	BIOS
samouco	BIOS
nitrato	ECO-MATERIALIDADES
congros	ECO-MATERIALIDADES
lagostins	BIOS
prado	ECO-MATERIALIDADES
estratifica	ECO-MATERIALIDADES
reprodutor	BIOS
florestas	ECO-MATERIALIDADES
moitinho	BIOS
water	ECO-MATERIALIDADES
ninho	BIOS
raiz	BIOS
placas	ECO-MATERIALIDADES
invernada	ECO-MATERIALIDADES
ribeira	ECO-MATERIALIDADES
got	ECO-MATERIALIDADES
clam	BIOS
apanhadores	BIOS
estuary	ECO-MATERIALIDADES
diplodus	BIOS
mollusca	BIOS
glacial	ECO-MATERIALIDADES
emersas	ECO-MATERIALIDADES
tainhas	BIOS
submersos	ECO-MATERIALIDADES
cavidade	ECO-MATERIALIDADES
moluscos	BIOS
silurus	BIOS
sargo	BIOS
ninhos	BIOS
crop	BIOS
fitiopl	BIOS
gua	ECO-MATERIALIDADES
monitoring	TECNO-MATERIALIDADES
estuaires	ECO-MATERIALIDADES
aluviais	ECO-MATERIALIDADES
gares	TECNO-MATERIALIDADES
sargos	ECO-MATERIALIDADES
cascas	ECO-MATERIALIDADES
carb	ECO-MATERIALIDADES
cacos	ECO-MATERIALIDADES
africa	ECO-MATERIALIDADES
tridactyla	BIOS
litorais	ECO-MATERIALIDADES
lilases	BIOS
corvinas	BIOS
escavados	ECO-MATERIALIDADES
espa	ECO-MATERIALIDADES
microfitobentos	BIOS
hidrodinamismo	ECO-MATERIALIDADES
lanchas	TECNO-MATERIALIDADES
meios	ECO-MATERIALIDADES
network	TECNO-MATERIALIDADES
cnidaria	BIOS
arquitetura	TECNO-MATERIALIDADES
raton	BIOS
arenosos	ECO-MATERIALIDADES
algarvia	ECO-MATERIALIDADES
ferrovi	TECNO-MATERIALIDADES
reas	ECO-MATERIALIDADES
eco	ECO-MATERIALIDADES
rnet	TECNO-MATERIALIDADES
oce	ECO-MATERIALIDADES
atolados	ECO-MATERIALIDADES
infraestrutura	TECNO-MATERIALIDADES
sedas	BIOS
mantimentos	BIOS
motor	TECNO-MATERIALIDADES
platalea	BIOS
nauplius	BIOS
albifrons	BIOS
salobra	ECO-MATERIALIDADES
canais	ECO-MATERIALIDADES
aquecimento	ECO-MATERIALIDADES
fito	BIOS
sumidouros	ECO-MATERIALIDADES
salgadas	ECO-MATERIALIDADES
ventres	ECO-MATERIALIDADES
hymeniacidon	BIOS
melas	BIOS
duro	ECO-MATERIALIDADES
madeira	BIOS
marinha	ECO-MATERIALIDADES
oceanografia	ECO-MATERIALIDADES
microsc	BIOS
terreiro	ECO-MATERIALIDADES
canoa	TECNO-MATERIALIDADES
seaweeds	BIOS
vivo	BIOS
flagelos	BIOS
patella	BIOS
pedra	ECO-MATERIALIDADES
echytraeidae	BIOS
estiagem	ECO-MATERIALIDADES
verrucosa	BIOS
sparus	BIOS
maritima	ECO-MATERIALIDADES
corophium	BIOS
piedra	ECO-MATERIALIDADES
reinado	BIOS
energ	ECO-MATERIALIDADES
cachopos	BIOS
enguia	BIOS
vega	ECO-MATERIALIDADES
ciclos	ECO-MATERIALIDADES
sciaenidae	BIOS
brachydeuterus	BIOS
imperme	ECO-MATERIALIDADES
hidrogr	ECO-MATERIALIDADES
pastagem	ECO-MATERIALIDADES
dunlins	BIOS
maxila	BIOS
gena	BIOS
atlantic	ECO-MATERIALIDADES
leitores	TECNO-MATERIALIDADES
lampreys	BIOS
marisco	BIOS
triturador	TECNO-MATERIALIDADES
pescas	BIOS
abrigo	TECNO-MATERIALIDADES
larvar	BIOS
supralitoral	ECO-MATERIALIDADES
coralina	BIOS
esteiros	ECO-MATERIALIDADES
amphorae	ECO-MATERIALIDADES
solhadaspedras	ECO-MATERIALIDADES
receptores	TECNO-MATERIALIDADES
tachybaptus	BIOS
enguias	BIOS
degredo	ECO-MATERIALIDADES
patas	BIOS
animais	BIOS
boca	BIOS
alpiar	ECO-MATERIALIDADES
plancton	BIOS
saltmarsh	ECO-MATERIALIDADES
nsula	ECO-MATERIALIDADES
pedras	ECO-MATERIALIDADES
pisces	BIOS
vital	BIOS
metais	TECNO-MATERIALIDADES
parque	ECO-MATERIALIDADES
fruticosa	BIOS
filtradores	TECNO-MATERIALIDADES
insfraestrutura	TECNO-MATERIALIDADES
solvay	TECNO-MATERIALIDADES
machado	TECNO-MATERIALIDADES
nichos	ECO-MATERIALIDADES
tubificidae	BIOS
bird	BIOS
artif	TECNO-MATERIALIDADES
flora	BIOS
outono	ECO-MATERIALIDADES
geol	ECO-MATERIALIDADES
fitopl	BIOS
especiarias	BIOS
pteis	BIOS
fotossint	BIOS
metalurgia	TECNO-MATERIALIDADES
argilas	ECO-MATERIALIDADES
branqueira	ECO-MATERIALIDADES
costeiros	ECO-MATERIALIDADES
peuplements	BIOS
coastal	ECO-MATERIALIDADES
lodo	ECO-MATERIALIDADES
enchentes	ECO-MATERIALIDADES
fish	BIOS
cabrita	BIOS
reprodutora	BIOS
rtico	ECO-MATERIALIDADES
arquitectura	TECNO-MATERIALIDADES
macrofauna	BIOS
lise	BIOS
litoral	ECO-MATERIALIDADES
espinel	ECO-MATERIALIDADES
postas	ECO-MATERIALIDADES
instala	TECNO-MATERIALIDADES
barros	ECO-MATERIALIDADES
rochosas	ECO-MATERIALIDADES
mudflat	ECO-MATERIALIDADES
doca	TECNO-MATERIALIDADES
peixe	BIOS
edif	TECNO-MATERIALIDADES
brotas	BIOS
transporte	TECNO-MATERIALIDADES
canoas	TECNO-MATERIALIDADES
temperatura	ECO-MATERIALIDADES
ginja	BIOS
antropog	TECNO-MATERIALIDADES
lamprey	BIOS
reprodutivas	BIOS
ecomuseu	ECO-MATERIALIDADES
macrobentos	BIOS
octopus	BIOS
waterbird	BIOS
antenas	TECNO-MATERIALIDADES
mares	ECO-MATERIALIDADES
palpos	BIOS
hidroprojecto	TECNO-MATERIALIDADES
raposo	BIOS
landsca	ECO-MATERIALIDADES
gansodocanad	BIOS
rvores	BIOS
littophyllum	ECO-MATERIALIDADES
radioel	TECNO-MATERIALIDADES
sea	ECO-MATERIALIDADES
fungo	BIOS
benthos	BIOS
pinho	ECO-MATERIALIDADES
raios	ECO-MATERIALIDADES
sedimento	ECO-MATERIALIDADES
onda	ECO-MATERIALIDADES
spartina	BIOS
islands	ECO-MATERIALIDADES
recolectores	TECNO-MATERIALIDADES
frutas	BIOS
palaemon	BIOS
ruas	TECNO-MATERIALIDADES
costa	ECO-MATERIALIDADES
anaer	BIOS
avifauna	BIOS
chocos	BIOS
nutrientes	BIOS
escorr	ECO-MATERIALIDADES
branta	BIOS
rede	TECNO-MATERIALIDADES
moita	ECO-MATERIALIDADES
estuaries	ECO-MATERIALIDADES
solit	ECO-MATERIALIDADES
artr	ECO-MATERIALIDADES
prados	ECO-MATERIALIDADES
urbe	TECNO-MATERIALIDADES
bronze	TECNO-MATERIALIDADES
biological	BIOS
fuente	ECO-MATERIALIDADES
industrializa	TECNO-MATERIALIDADES
prey	BIOS
bioinvasions	BIOS
tubos	TECNO-MATERIALIDADES
tempera	ECO-MATERIALIDADES
fera	BIOS
vazadouro	ECO-MATERIALIDADES
laborat	TECNO-MATERIALIDADES
maresia	ECO-MATERIALIDADES
lagostas	BIOS
gravidade	ECO-MATERIALIDADES
tejinho	ECO-MATERIALIDADES
application	TECNO-MATERIALIDADES
deposits	ECO-MATERIALIDADES
pescadores	BIOS
transport	TECNO-MATERIALIDADES
rhodophyta	BIOS
ferruginea	TECNO-MATERIALIDADES
tomadas	TECNO-MATERIALIDADES
castanha	BIOS
hawaii	ECO-MATERIALIDADES
ores	ECO-MATERIALIDADES
arma	TECNO-MATERIALIDADES
ribeiras	ECO-MATERIALIDADES
vazante	ECO-MATERIALIDADES
chlorophyta	BIOS
pescadas	BIOS
acheulense	BIOS
azevedo	ECO-MATERIALIDADES
chroicocephalus	BIOS
succinea	BIOS
restaurantes	TECNO-MATERIALIDADES
oligochaeta	BIOS
continentais	ECO-MATERIALIDADES
mugilidae	BIOS
vieira	BIOS
restinga	ECO-MATERIALIDADES
sediment	ECO-MATERIALIDADES
concha	BIOS
giraud	BIOS
pluviosidade	ECO-MATERIALIDADES
mucilagens	BIOS
bocas	BIOS
moreira	ECO-MATERIALIDADES
ciliata	BIOS
afluente	ECO-MATERIALIDADES
ulv	BIOS
oceano	ECO-MATERIALIDADES
gulls	BIOS
ribeirinhos	BIOS
neritoides	BIOS
golfinho	BIOS
cidades	TECNO-MATERIALIDADES
particulate	ECO-MATERIALIDADES
cabozdarocha	ECO-MATERIALIDADES
microps	BIOS
cosm	ECO-MATERIALIDADES
cimo	ECO-MATERIALIDADES
tadorna	BIOS
subtidais	ECO-MATERIALIDADES
vegetais	BIOS
mediolitoral	ECO-MATERIALIDADES
micas	ECO-MATERIALIDADES
membranosos	BIOS
electr	TECNO-MATERIALIDADES
rochosa	ECO-MATERIALIDADES
rins	BIOS
org	BIOS
aves	BIOS
salt	ECO-MATERIALIDADES
descarga	BIOS
interespec	BIOS
hidrol	ECO-MATERIALIDADES
primavera	ECO-MATERIALIDADES
production	TECNO-MATERIALIDADES
sanguessugas	BIOS
sedimenta	ECO-MATERIALIDADES
estuarinas	BIOS
margem	ECO-MATERIALIDADES
lagunares	ECO-MATERIALIDADES
fucus	BIOS
submersa	ECO-MATERIALIDADES
cabo	TECNO-MATERIALIDADES
polvos	BIOS
gaivotadeasaescura	BIOS
alfaces	BIOS
species	BIOS
ervas	BIOS
infraestruturais	TECNO-MATERIALIDADES
saveira	ECO-MATERIALIDADES
esgotos	TECNO-MATERIALIDADES
guincho	TECNO-MATERIALIDADES
sepiola	BIOS
lito	ECO-MATERIALIDADES
peixepau	BIOS
sabugueiro	ECO-MATERIALIDADES
caparica	ECO-MATERIALIDADES
conserva	BIOS
airo	ECO-MATERIALIDADES
vermiformes	BIOS
mecanismos	TECNO-MATERIALIDADES
fontes	ECO-MATERIALIDADES
strias	ECO-MATERIALIDADES
fogachos	ECO-MATERIALIDADES
martim	BIOS
intertidal	ECO-MATERIALIDADES
produzidos	TECNO-MATERIALIDADES
tagus	ECO-MATERIALIDADES
guiry	BIOS
amoreira	BIOS
biologia	BIOS
pneumatocistos	BIOS
carinata	BIOS
bateiras	ECO-MATERIALIDADES
estenohalinos	BIOS
terra	ECO-MATERIALIDADES
bivalves	BIOS
rochas	ECO-MATERIALIDADES
electronic	TECNO-MATERIALIDADES
cianof	BIOS
subtrato	ECO-MATERIALIDADES
liga	TECNO-MATERIALIDADES
castanhas	BIOS
estuarinos	ECO-MATERIALIDADES
gaivotas	BIOS
tentaculares	BIOS
zoologia	BIOS
sapal	ECO-MATERIALIDADES
chuvadas	ECO-MATERIALIDADES
tangeri	BIOS
lapa	ECO-MATERIALIDADES
arrozais	BIOS
fertilizantes	TECNO-MATERIALIDADES
cartogr	TECNO-MATERIALIDADES
cracas	ECO-MATERIALIDADES
invernante	BIOS
sole	ECO-MATERIALIDADES
azoto	ECO-MATERIALIDADES
dique	TECNO-MATERIALIDADES
delta	ECO-MATERIALIDADES
microphytobenthic	BIOS
gel	ECO-MATERIALIDADES
calcificado	ECO-MATERIALIDADES
hermafroditas	BIOS
margens	ECO-MATERIALIDADES
deltaica	ECO-MATERIALIDADES
areal	ECO-MATERIALIDADES
genes	BIOS
platichthys	BIOS
enxada	BIOS
camadas	ECO-MATERIALIDADES
ceramium	BIOS
adubo	BIOS
infraestruturas	TECNO-MATERIALIDADES
birds	BIOS
fishes	BIOS
mare	ECO-MATERIALIDADES
valley	ECO-MATERIALIDADES
watersheds	ECO-MATERIALIDADES
burri	BIOS
diatom	BIOS
reproductive	BIOS
fonte	ECO-MATERIALIDADES
produto	TECNO-MATERIALIDADES
achatamento	ECO-MATERIALIDADES
xabregas	ECO-MATERIALIDADES
ardea	BIOS
cirr	ECO-MATERIALIDADES
eutrofiza	ECO-MATERIALIDADES
ganso	BIOS
desagua	ECO-MATERIALIDADES
saxatilis	BIOS
savara	ECO-MATERIALIDADES
limosa	BIOS
toneiras	ECO-MATERIALIDADES
javali	BIOS
legumes	BIOS
substrato	ECO-MATERIALIDADES
areia	ECO-MATERIALIDADES
carpio	BIOS
fimbriata	BIOS
serratus	BIOS
vale	ECO-MATERIALIDADES
fen	ECO-MATERIALIDADES
sulcata	BIOS
aluvionares	ECO-MATERIALIDADES
comboio	TECNO-MATERIALIDADES
salinidade	ECO-MATERIALIDADES
vedros	BIOS
nitzchia	BIOS
clima	ECO-MATERIALIDADES
gelidium	BIOS
zona	ECO-MATERIALIDADES
teia	ECO-MATERIALIDADES
megalopa	BIOS
rhizosolenia	BIOS
seagrasses	BIOS
peste	BIOS
fern	BIOS
estralhos	ECO-MATERIALIDADES
brito	ECO-MATERIALIDADES
palm	ECO-MATERIALIDADES
viveiros	BIOS
esteiro	ECO-MATERIALIDADES
papagaio	BIOS
espor	BIOS
ouro	ECO-MATERIALIDADES
lobos	BIOS
implementa	TECNO-MATERIALIDADES
patins	TECNO-MATERIALIDADES
vegetativa	BIOS
crust	ECO-MATERIALIDADES
fago	BIOS
gas	ECO-MATERIALIDADES
mulo	BIOS
euglen	BIOS
fotos	ECO-MATERIALIDADES
civiliza	TECNO-MATERIALIDADES
clones	BIOS
alimento	BIOS
azevias	BIOS
frutos	BIOS
cabos	TECNO-MATERIALIDADES
estufa	TECNO-MATERIALIDADES
solho	ECO-MATERIALIDADES
filtrador	TECNO-MATERIALIDADES
gastrovascular	BIOS
riba	ECO-MATERIALIDADES
salga	ECO-MATERIALIDADES
arqueadas	ECO-MATERIALIDADES
charneca	ECO-MATERIALIDADES
montes	ECO-MATERIALIDADES
larvas	BIOS
planct	BIOS
ulva	BIOS
restos	ECO-MATERIALIDADES
bolboschoenus	BIOS
leito	ECO-MATERIALIDADES
marinas	ECO-MATERIALIDADES
carcinus	BIOS
corroios	ECO-MATERIALIDADES
circuito	TECNO-MATERIALIDADES
barbatana	BIOS
prata	ECO-MATERIALIDADES
raias	BIOS
siderurgia	TECNO-MATERIALIDADES
relev	ECO-MATERIALIDADES
castanheira	BIOS
syngnathus	BIOS
cheias	ECO-MATERIALIDADES
ped	ECO-MATERIALIDADES
aranhas	BIOS
reprodutoras	BIOS
bancos	TECNO-MATERIALIDADES
deple	ECO-MATERIALIDADES
zoea	BIOS
papel	TECNO-MATERIALIDADES
basins	ECO-MATERIALIDADES
Alface-do-mar	BIOS
Alga azul	BIOS
Alga calcária	BIOS
Alga calcária	BIOS
Alga calcária	BIOS
Alga calcária	BIOS
Alga vermelha	BIOS
Alga vermelha	BIOS
Alga vermelha	BIOS
Alga vermelha	BIOS
Alga vermelha	BIOS
Alga vermelha	BIOS
Alga vermelha	BIOS
Alga vermelha	BIOS
Alga vermelha	BIOS
Alga vermelha	BIOS
Alga vermelha	BIOS
Alga vermelha	BIOS
Alga vermelha	BIOS
Alga vermelha	BIOS
Alga vermelha	BIOS
Alga vermelha	BIOS
Algas verdes	BIOS
Algas vermelhas	BIOS
Bodelha	BIOS
Diatomácea	BIOS
Diatomácea	BIOS
Diatomácea	BIOS
Diatomácea	BIOS
Diatomácea	BIOS
Diatomácea	BIOS
Diatomácea	BIOS
Diatomácea	BIOS
Diatomácea	BIOS
Diatomácea	BIOS
Diatomácea	BIOS
Diatomácea	BIOS
Diatomácea	BIOS
Diatomácea	BIOS
Diatomácea	BIOS
Diatomácea	BIOS
Diatomácea	BIOS
Diatomácea	BIOS
Diatomácea	BIOS
Diatomácea	BIOS
Diatomácea	BIOS
Diatomácea	BIOS
Diatomácea	BIOS
Diatomácea	BIOS
Diatomácea	BIOS
Diatomácea	BIOS
Diatomácea	BIOS
Diatomácea	BIOS
Diatomácea	BIOS
Diatomácea	BIOS
Diatomácea	BIOS
Diatomácea	BIOS
Diatomácea	BIOS
Diatomácea	BIOS
Diatomácea	BIOS
Diatomácea	BIOS
Diatomácea	BIOS
Diatomácea	BIOS
Diatomácea	BIOS
Diatomácea	BIOS
Diatomácea	BIOS
Diatomácea	BIOS
Diatomácea	BIOS
Diatomácea	BIOS
Diatomácea	BIOS
Diatomácea	BIOS
Diatomácea	BIOS
Diatomácea	BIOS
Diatomácea	BIOS
Diatomácea	BIOS
Diatomácea	BIOS
Diatomácea	BIOS
Diatomácea	BIOS
Diatomácea	BIOS
Diatomácea	BIOS
Diatomácea	BIOS
Diatomácea	BIOS
Diatomácea	BIOS
Diatomácea	BIOS
Diatomácea	BIOS
Diatomácea	BIOS
Diatomácea	BIOS
Diatomácea	BIOS
Diatomácea	BIOS
Erva marinha ou Seba	BIOS
Gramata	BIOS
Gramata	BIOS
Gramata	BIOS
Gramata	BIOS
Gramata	BIOS
Gramata	BIOS
Gramata	BIOS
Gramata	BIOS
Gramata	BIOS
Gramata-branca	BIOS
Junco	BIOS
Líquen-negro	BIOS
Morraça	BIOS
Esponja-laranja	BIOS
Hidrozoário	BIOS
Anémona-do-mar	BIOS
Anémona-do-mar	BIOS
Anémona-do-mar	BIOS
Anémona-do-mar	BIOS
Medusa	BIOS
Casulo	BIOS
Ganso	BIOS
Minhoca-de-pesca	BIOS
Oligoquetas	BIOS
Poliqueta	BIOS
Poliqueta	BIOS
Poliqueta	BIOS
Poliqueta	BIOS
Poliqueta	BIOS
Poliqueta	BIOS
Poliqueta	BIOS
Poliqueta	BIOS
Poliqueta	BIOS
Poliqueta	BIOS
Poliqueta	BIOS
Poliqueta	BIOS
Poliqueta	BIOS
Poliqueta	BIOS
Poliqueta	BIOS
Poliqueta	BIOS
Poliqueta	BIOS
Poliqueta	BIOS
Poliqueta	BIOS
Poliqueta	BIOS
Poliqueta	BIOS
Poliqueta	BIOS
Poliqueta	BIOS
Poliqueta	BIOS
Poliqueta	BIOS
Poliqueta	BIOS
Poliqueta	BIOS
Poliqueta	BIOS
Poliqueta	BIOS
Poliqueta	BIOS
Poliqueta	BIOS
Poliqueta	BIOS
Poliqueta	BIOS
Poliqueta	BIOS
Poliqueta	BIOS
Poliqueta	BIOS
Poliqueta	BIOS
Poliqueta	BIOS
Poliqueta	BIOS
Poliqueta	BIOS
Poliqueta	BIOS
Poliqueta	BIOS
Poliqueta	BIOS
Poliqueta	BIOS
Poliqueta	BIOS
Poliqueta	BIOS
Poliqueta	BIOS
Poliqueta	BIOS
Poliqueta	BIOS
Poliqueta-verde	BIOS
Amêijoa	BIOS
Amêijoa-boa	BIOS
Amêijoa-japonesa	BIOS
Amêijoa-macha	BIOS
Berbigão-comum	BIOS
Berbigão-da-lagoa	BIOS
Búzio	BIOS
Búzio-da-vasa	BIOS
Búzio-negro	BIOS
Caracol-do-mar	BIOS
Caracol-do-mar	BIOS
Caracol-do-mar	BIOS
Caracol-do-mar	BIOS
Choco-anão	BIOS
Choco-vulgar	BIOS
Lambujinha	BIOS
Lapa	BIOS
Lingueirão	BIOS
Lula-comum	BIOS
Lula-bicuda	BIOS
Mexilhão-comum	BIOS
Mexilhão-do-mediterrâneo	BIOS
Ostra-anã	BIOS
Ostra-portuguesa	BIOS
Polvo-vulgar	BIOS
Quíton	BIOS
Anfípode	BIOS
Aranha-do-mar	BIOS
Aranhiço-do-mar	BIOS
Branquiópode	BIOS
Camarão-branco	BIOS
Camarão-branco-legítimo	BIOS
Camarão-mouro	BIOS
Caranguejo-azul	BIOS
Caranguejo-chinês	BIOS
Caranguejo-das-rochas	BIOS
Caranguejo-escavador-da-vasa	BIOS
Caranguejo-peludo	BIOS
Caranguejo-verde	BIOS
Caranguejo-violino	BIOS
Cladócero	BIOS
Copépode	BIOS
Copépode	BIOS
Copépode	BIOS
Copépode	BIOS
Craca	BIOS
Craca	BIOS
Craca	BIOS
Craca	BIOS
Craca	BIOS
Craca	BIOS
Craca	BIOS
Craca	BIOS
Craca	BIOS
Craca	BIOS
Craca	BIOS
Craca	BIOS
Craca	BIOS
Craca	BIOS
Craca	BIOS
Craca	BIOS
Craca	BIOS
Craca	BIOS
Craca	BIOS
Craca	BIOS
Craca	BIOS
Craca	BIOS
Craca	BIOS
Craca	BIOS
Craca	BIOS
Isópode	BIOS
Isópode	BIOS
Isópode	BIOS
Isópode	BIOS
Misidáceo	BIOS
Misidáceo	BIOS
Misidáceo	BIOS
Misidáceo	BIOS
Pulga-do-mar	BIOS
Pulga-do-mar	BIOS
Pulga-do-mar	BIOS
Pulga-do-mar	BIOS
Santola	BIOS
Barbo-do-Norte	BIOS
Biqueirão	BIOS
Caboz-comum	BIOS
Caboz-da-areia	BIOS
Caboz-da-rocha	BIOS
Caboz-negro	BIOS
Carapau	BIOS
Carapau-do-Cunene	BIOS
Carpa-comum	BIOS
Carta-do-Mediterrâneo	BIOS
Cavalo-marinho	BIOS
Cavalo-marinho	BIOS
Cavalo-marinho	BIOS
Cavalo-marinho	BIOS
Charroco	BIOS
Choupa	BIOS
Colo-colo	BIOS
Corvina-legítima	BIOS
Corvinata-real	BIOS
Dourada	BIOS
Enguia-europeia	BIOS
Espadilha	BIOS
Esturjão	BIOS
Faneca	BIOS
Galucha	BIOS
Laibeque-de-cinco-barbilhos	BIOS
Lampreia-marinha	BIOS
Lampreia-de-rio	BIOS
Língua	BIOS
Linguado-branco ou Linguado-do-Senegal	BIOS
Linguado-legítimo	BIOS
Marinha	BIOS
Marinha-comum	BIOS
Marinha-de-focinho-grosso	BIOS
Peixe-gato-negro	BIOS
Peixe-gato-europeu	BIOS
Peixe-pau	BIOS
Peixe-pau-de-Risso	BIOS
Peixe-rei	BIOS
Raia-curva	BIOS
Raia-lenga	BIOS
Rainha-branca	BIOS
Rainha-Senegal	BIOS
Robalo	BIOS
Ruivo ou cabra-cabaço	BIOS
Safia	BIOS
Salmonete-barbudo	BIOS
Sardinha	BIOS
Sargo-do-Senegal	BIOS
Sargo-legítimo	BIOS
Sargo-veado	BIOS
Sável	BIOS
Savelha	BIOS
Solha-das-pedras ou patruça	BIOS
Tainha-africana	BIOS
Tainha-fataça	BIOS
Tainha-garrento	BIOS
Tainha-liça	BIOS
Tainha-muge	BIOS
Tubarão-bicudo	BIOS
Tubarão-martelo	BIOS
Alfaiate	BIOS
Andorinha-do-mar-anã	BIOS
Arrábio	BIOS
Borrelho-de-coleira-interrompida	BIOS
Borrelho-grande-de-coleira	BIOS
Cisne-branco	BIOS
Colhereiro	BIOS
Flamingo-comum	BIOS
Flamingo-pequeno	BIOS
Frisada	BIOS
Fuselo	BIOS
Gaivota-d'asa-escura	BIOS
Galeirão-comum	BIOS
Ganso-bravo	BIOS
Ganso-do-Canadá	BIOS
Ganso-do-Egipto	BIOS
Garça-branca-pequena	BIOS
Garça-vermelha	BIOS
Guincho-comum	BIOS
Ibis-preta	BIOS
Maçarico-de-bico-direito	BIOS
Maçarico-real	BIOS
Marrequinha-comum	BIOS
Mergulhão-pequeno	BIOS
Pato-branco	BIOS
Pato-ferrugíneo	BIOS
Pato-real	BIOS
Pato-trombeteiro	BIOS
Perdiz-do-mar	BIOS
Perna-vermelha-comum	BIOS
Pernilongo	BIOS
Piadeira	BIOS
Pilrito-de-bico-comprido	BIOS
Pilrito-de-peito-preto	BIOS
Rola-do-mar	BIOS
Seixoeira	BIOS
Tarambola-cinzenta	BIOS
Tartaranhão-ruivo-dos-pauis	BIOS
